Variable,F-statistic,p-value
PESO,7116.881669511863,0.0
POTENCIA,181.55753749594635,2.609937697911454e-79
