Variable,Chi2_Score,p_value
ESTADO,6.815290,3.311910e-02
CLASIFICACION,3162.294718,0.000000e+00
CLASE,872.838585,2.920851e-190
SERVICIO,844.065905,5.169132e-184
CARROCERIA,37107.765959,0.000000e+00
DEPARTAMENTO,3029.942352,0.000000e+00