Variable,VIF
const,4600.665666219034
PESO,1.2492261151005344
POTENCIA,1.2157031426676064
EJES,1.0307449892126679
